Year_study;Mistletoe;Camera;Anairetes_parulus;butterfly;Callipepla_californica;Callopistes_maculatus;Cicadidae_sp;Colorhamphus_parvirostris;cricket;Curaeus_curaeus;Diptera;Diuca_diuca;Elaenia_albiceps;Falco_sparverius;Geositta_cunicularia;Geranoaetus_polyosoma;grasshopper;Hemiptera;Hymenoptera;Leistes_loyca;Leptasthenura_aegithaloides;Liolaemus_sp;Lizard;Lycalopex_griseus;Molothrus_bonariensis;moth;Muscisaxicola_maclovianus;Nothoprocta_perdicaria;Phrygilus_alaudinus;Phrygilus_atriceps;Phrygilus_gayi;Phyllotis_darwini;Porphyrospiza_alaudina;Pseudasthenes_humicola;Pteroptochos_megapodius;Pyrisitia_lisa;Pyrope_pyrope;Thylamys_elegans;Troglodytes_aedon;Veniliornis_lignarius;Zenaida_auriculata;Zonotrichia_capensis
First;T_aphyllus;CTa003;0;0;0;0;0;0;0;0;0;0;0;0;0;0;0;4;0;0;2;0;0;0;0;0;0;0;0;0;0;0;0;0;0;0;0;0;0;0;0;0
First;T_aphyllus;CTa034;0;1;0;0;0;0;0;0;0;0;0;0;0;0;0;2;0;0;16;0;0;0;0;0;0;0;0;0;0;0;0;0;0;1;0;0;0;0;0;0
First;T_aphyllus;CTa035;1;5;0;0;0;0;0;0;1;0;0;0;0;0;0;0;0;0;14;1;7;0;0;1;0;0;0;0;0;0;0;0;0;8;0;0;0;0;0;0
First;T_aphyllus;CTa044;3;2;0;0;0;0;0;0;0;0;0;0;0;0;0;0;0;0;9;5;19;0;0;0;0;0;0;0;0;0;0;0;0;6;0;3;0;0;0;0
First;T_aphyllus;CTa051;0;0;0;0;0;0;0;0;0;0;0;0;0;0;0;0;0;0;3;0;0;0;0;0;0;0;0;0;0;0;0;0;0;0;0;0;0;0;0;0
First;T_aphyllus;CTa056;0;0;0;0;0;0;0;0;0;1;0;0;0;0;0;0;0;0;8;0;0;0;0;0;0;0;0;0;0;0;0;0;0;1;0;0;0;0;0;0
First;T_aphyllus;CTa066;0;0;1;0;0;0;0;0;0;0;0;0;0;0;0;2;0;0;1;0;0;0;0;0;0;0;0;0;0;0;0;1;0;5;0;1;0;0;0;0
First;T_aphyllus;CTa067;0;0;0;0;0;0;0;0;0;0;0;0;0;0;0;0;0;0;0;0;0;0;0;0;0;0;0;0;0;0;0;0;0;1;0;0;0;0;0;0
First;T_aphyllus;CTa070;0;0;0;0;0;0;0;0;0;1;0;0;0;0;0;0;0;0;4;0;3;0;0;0;0;0;0;0;0;0;0;0;0;0;0;0;0;0;0;0
First;T_aphyllus;CTa072;0;0;0;0;0;0;0;1;0;22;0;0;0;0;0;1;0;0;20;0;2;0;0;1;0;0;1;0;0;32;0;1;0;0;0;0;0;0;0;0
First;T_aphyllus;CTa074;0;0;0;0;0;0;0;0;2;5;0;0;0;0;0;0;0;0;11;3;0;0;0;0;0;0;0;0;0;0;0;0;0;0;0;0;0;0;0;0
First;T_aphyllus;CTa075;0;0;0;0;0;0;0;0;0;6;0;0;0;0;0;1;0;0;3;0;7;0;0;0;0;0;0;0;0;0;0;0;0;0;0;0;0;0;0;0
First;T_aphyllus;CTa076;0;0;0;0;0;0;0;0;0;29;0;0;0;0;0;1;0;0;39;0;7;0;0;0;0;0;0;0;1;7;0;0;0;0;0;5;0;0;0;0
First;T_aphyllus;CTa086;0;0;0;0;0;0;0;0;0;0;0;0;0;0;17;0;0;0;0;0;9;0;0;0;0;0;0;0;0;1;0;0;0;0;0;6;0;0;0;0
First;T_aphyllus;CTa088;0;0;0;0;0;0;0;0;1;2;0;0;0;0;0;0;0;0;20;0;0;0;0;0;0;0;0;0;0;32;0;0;0;0;0;2;0;0;0;2
First;T_aphyllus;CTa089;0;0;0;0;0;0;0;0;1;0;0;0;0;0;0;0;3;0;27;0;0;0;0;0;1;0;0;0;0;0;0;0;0;0;0;0;0;0;0;0
First;T_aphyllus;CTa096;0;0;0;0;0;0;0;0;0;0;0;0;0;0;0;0;0;1;0;0;0;0;0;0;0;0;0;0;0;0;0;0;0;0;0;0;0;0;0;0
First;T_aphyllus;CTa097;0;1;0;0;0;0;0;0;1;4;0;0;0;0;0;0;6;1;36;0;1;0;0;0;0;0;0;0;0;1;0;1;0;0;0;0;0;0;0;0
First;T_aphyllus;CTa102;1;4;0;0;0;0;0;0;0;2;0;0;0;0;0;1;0;0;29;0;19;0;0;0;0;0;0;0;0;0;0;3;0;20;0;0;0;0;0;0
First;T_aphyllus;CTa103;0;0;0;0;0;0;0;0;0;3;0;0;0;0;0;1;0;0;11;1;0;0;0;0;0;0;0;0;0;3;0;1;0;0;0;4;0;0;0;0
First;T_aphyllus;CTa104;0;0;0;0;0;0;0;0;0;0;0;0;0;0;0;0;0;0;0;0;0;0;0;0;0;0;0;0;0;0;0;0;0;0;0;0;0;0;0;0
First;T_aphyllus;CTa105;0;0;0;0;0;0;0;0;0;0;0;0;0;0;0;1;0;0;10;0;0;0;0;0;0;0;0;0;0;1;0;0;0;0;0;3;0;0;0;0
First;T_verticillatus;CTv001;0;0;0;0;0;0;0;0;0;0;0;0;0;0;0;0;0;0;1;0;0;4;0;0;0;0;0;0;0;27;0;0;0;0;0;3;0;0;0;0
First;T_verticillatus;CTv002;1;0;0;0;0;0;0;0;0;0;0;0;0;0;0;0;0;0;0;0;0;0;0;0;0;0;0;0;0;1;0;0;0;0;0;0;0;0;0;0
First;T_verticillatus;CTv003;0;0;0;0;0;0;0;0;0;0;0;0;0;0;0;0;0;0;0;0;0;0;0;0;0;1;0;0;0;0;0;0;0;0;0;0;0;0;0;0
First;T_verticillatus;CTv007;2;1;2;0;0;0;0;0;0;0;0;0;0;0;0;0;0;0;1;0;0;3;0;0;0;1;0;0;0;0;0;0;0;1;0;0;0;0;1;1
First;T_verticillatus;CTv008;6;0;0;0;0;0;0;0;0;0;0;0;0;0;0;0;0;0;1;0;0;0;0;0;0;0;0;0;0;1;0;1;0;0;0;2;0;0;0;3
First;T_verticillatus;CTv009;0;0;0;0;0;0;0;0;0;0;0;0;0;0;0;0;0;0;0;0;0;0;0;0;0;0;0;0;0;0;0;0;0;0;0;0;0;0;0;0
First;T_verticillatus;CTv010;0;0;0;0;0;0;0;1;0;0;0;0;0;0;0;0;0;0;0;0;0;0;0;0;0;1;0;0;0;0;0;0;0;0;0;0;0;0;0;0
First;T_verticillatus;CTv019;2;0;0;0;0;0;0;0;0;0;0;0;0;0;0;0;0;0;0;0;0;0;0;0;0;0;0;0;0;23;0;0;0;0;0;0;0;0;0;0
First;T_verticillatus;CTv020;0;0;0;0;0;0;0;0;0;0;0;0;0;0;0;0;0;0;0;0;0;0;0;0;0;0;0;0;0;2;0;0;0;0;0;0;0;0;0;0
First;T_verticillatus;CTv021;2;0;0;0;0;0;0;0;0;0;0;0;0;0;0;0;0;0;1;0;0;0;0;0;0;0;0;0;0;0;0;0;0;0;0;2;0;0;0;0
First;T_verticillatus;CTv022;3;0;2;0;0;0;0;2;0;0;0;0;0;0;0;0;0;0;2;0;0;0;0;0;0;0;0;0;0;8;0;0;0;0;0;0;0;0;0;0
First;T_verticillatus;CTv023;0;0;0;0;0;0;0;0;0;0;0;0;0;0;0;0;0;0;0;0;0;0;0;0;0;0;0;0;0;0;0;0;0;0;0;0;0;0;0;0
First;T_verticillatus;CTv028;2;0;0;0;0;0;0;0;3;0;0;0;0;0;0;0;0;0;3;0;1;0;0;0;0;0;0;0;0;0;0;0;0;1;0;0;0;0;0;0
First;T_verticillatus;CTv030;1;0;0;0;0;0;0;0;0;0;0;0;0;0;0;0;0;0;2;0;0;0;0;0;0;0;0;0;0;64;0;0;0;0;0;0;0;0;0;0
First;T_verticillatus;CTv031;10;0;0;0;0;0;0;2;0;0;0;0;0;0;0;0;1;0;8;0;8;0;0;1;0;0;0;0;0;46;0;6;0;3;0;0;15;0;0;1
First;T_verticillatus;CTv032;3;1;0;0;0;0;0;1;0;0;0;0;0;0;0;0;0;0;0;0;0;0;0;0;0;0;0;0;0;0;0;0;0;1;0;0;0;0;0;0
First;T_verticillatus;CTv034;0;0;0;0;0;0;0;0;0;0;0;0;0;0;0;0;0;0;0;0;0;0;0;0;0;0;0;0;0;0;0;0;0;0;0;0;0;0;0;0
First;T_verticillatus;CTv035;0;0;0;0;0;0;0;0;0;0;0;0;0;0;0;0;0;0;0;0;0;0;0;0;0;0;0;0;0;0;0;0;0;1;0;0;0;0;0;0
First;T_verticillatus;CTv036;0;0;0;0;0;0;0;0;0;0;0;0;0;0;0;0;0;0;0;0;0;0;0;0;0;0;0;0;0;0;0;0;0;0;0;0;0;0;0;0
First;T_verticillatus;CTv038;0;0;1;0;0;0;0;0;0;0;0;0;0;0;0;0;0;0;0;0;0;0;0;0;0;0;0;0;0;0;0;0;0;0;0;0;0;0;0;0
First;T_verticillatus;CTv041;2;0;0;0;0;0;0;0;0;0;0;0;0;0;0;0;0;0;1;0;0;0;0;0;0;0;0;0;0;2;0;0;0;0;0;0;0;0;0;0
First;T_verticillatus;CTv042;0;0;0;0;0;0;0;0;0;0;0;0;0;0;0;0;0;0;0;0;0;0;0;0;0;0;0;0;0;0;0;0;0;0;0;0;0;0;0;0
Second;T_aphyllus;CTa003;0;0;0;0;0;0;0;0;0;1;0;0;0;0;0;0;0;0;0;0;0;0;0;1;0;0;0;0;0;0;0;4;0;0;0;1;0;0;0;0
Second;T_aphyllus;CTa006;0;1;0;0;0;0;0;0;0;0;0;0;0;0;0;0;0;0;1;0;0;0;0;0;0;0;0;0;0;0;0;0;0;2;0;0;0;0;0;0
Second;T_aphyllus;CTa034;0;36;0;0;2;0;0;0;0;2;0;1;0;0;10;0;0;0;9;1;4;0;0;11;0;0;0;0;0;0;0;1;0;13;0;12;0;0;0;0
Second;T_aphyllus;CTa035;1;1;0;11;0;1;0;0;0;1;0;0;0;0;2;0;0;0;9;0;1;0;0;6;0;0;0;0;0;20;0;1;2;2;0;78;0;0;0;0
Second;T_aphyllus;CTa044;0;1;0;18;29;0;0;0;0;1;0;0;0;0;40;0;0;0;6;0;0;0;0;0;0;0;0;0;0;3;0;4;0;0;0;10;0;0;0;0
Second;T_aphyllus;CTa051;0;0;0;0;0;0;27;0;0;0;0;0;0;0;0;0;0;0;0;0;0;0;0;2;0;0;0;0;0;0;0;0;0;1;0;0;0;0;0;0
Second;T_aphyllus;CTa056;0;0;0;0;0;0;6;0;0;1;0;0;0;0;0;0;0;0;0;0;0;0;5;0;0;0;0;0;0;2;0;0;0;0;0;5;0;0;0;0
Second;T_aphyllus;CTa066;0;0;0;0;2;0;0;0;0;1;0;0;0;0;78;0;0;0;0;9;0;0;0;0;0;0;0;0;0;12;0;1;0;1;0;5;0;0;0;0
Second;T_aphyllus;CTa067;0;0;0;0;0;0;0;0;0;0;0;0;0;0;0;0;0;0;0;0;0;0;0;1;0;0;0;0;0;0;0;0;0;0;0;0;0;0;0;0
Second;T_aphyllus;CTa070;1;0;0;0;0;0;0;0;0;6;0;0;0;0;0;0;0;0;2;0;0;0;0;0;0;0;0;0;0;13;0;3;0;1;0;35;0;0;0;0
Second;T_aphyllus;CTa071;0;0;0;0;0;0;0;0;0;0;0;0;0;0;0;0;0;0;0;0;0;0;0;0;0;0;0;0;0;0;0;0;0;1;0;0;0;0;0;0
Second;T_aphyllus;CTa072;0;0;0;2;3;0;0;0;0;7;0;0;0;0;1;0;0;0;37;0;0;0;0;0;0;0;0;0;0;15;0;0;0;0;0;21;3;0;0;0
Second;T_aphyllus;CTa074;0;0;0;1;3;0;0;0;0;14;0;0;0;0;0;0;0;0;12;0;0;0;0;0;0;0;0;0;0;6;0;2;0;0;0;21;0;0;0;0
Second;T_aphyllus;CTa075;0;0;0;0;0;0;0;0;0;9;0;0;0;0;0;0;0;0;4;0;0;0;0;0;0;0;0;0;0;0;1;0;0;0;0;0;0;0;0;0
Second;T_aphyllus;CTa076;0;0;0;1;1;0;0;0;0;1;0;0;0;0;0;0;0;0;21;0;0;0;0;0;0;0;0;0;0;2;0;1;0;1;0;6;0;0;0;0
Second;T_aphyllus;CTa086;0;0;0;0;0;0;0;0;0;0;0;0;0;0;0;0;0;0;0;0;0;0;0;0;0;0;0;0;0;1;0;0;0;0;0;3;0;0;0;0
Second;T_aphyllus;CTa088;0;0;0;0;0;0;0;0;0;1;0;0;0;1;586;0;0;0;2;0;0;0;0;1;0;0;0;0;0;0;0;0;0;2;0;0;0;0;0;0
Second;T_aphyllus;CTa089;0;0;0;0;0;0;0;0;0;1;0;0;0;0;0;0;0;0;0;0;0;0;0;0;0;0;0;0;0;0;0;0;0;0;0;0;0;0;0;0
Second;T_aphyllus;CTa097;0;0;0;0;0;0;0;0;0;3;0;0;0;0;41;0;0;0;7;0;0;0;0;0;0;0;0;0;0;16;0;0;0;8;0;0;2;0;0;0
Second;T_aphyllus;CTa102;0;19;0;3;0;0;0;0;0;0;0;0;0;0;0;0;0;0;10;3;0;0;0;6;0;0;0;0;0;0;0;3;0;21;0;29;1;0;0;0
Second;T_aphyllus;CTa103;0;0;0;1;0;0;0;0;0;7;0;0;0;0;0;0;0;0;18;0;0;0;0;0;0;0;0;0;0;1;0;10;0;1;0;11;0;0;0;0
Second;T_aphyllus;CTa105;0;0;0;0;0;0;0;0;0;3;0;0;0;0;0;0;0;0;27;0;0;0;0;0;0;0;0;0;0;0;0;0;0;0;0;8;2;0;0;0
Second;T_verticillatus;CTv001;1;0;0;0;0;0;0;1;0;0;0;0;0;0;0;0;0;0;0;0;1;0;0;0;0;0;0;0;0;64;2;0;0;33;0;1;0;0;0;0
Second;T_verticillatus;CTv002;0;3;0;0;0;0;0;2;0;0;0;0;0;0;0;0;0;1;0;0;0;0;0;0;0;2;0;0;0;39;0;0;0;14;0;1;0;0;0;0
Second;T_verticillatus;CTv003;0;3;4;0;0;0;0;0;0;0;0;0;0;0;0;0;0;0;0;0;0;1;0;0;0;1;0;0;0;9;0;0;0;0;0;0;0;0;0;0
Second;T_verticillatus;CTv007;0;3;1;0;0;1;0;0;0;0;0;0;0;0;0;0;0;0;0;0;0;3;0;13;0;2;0;0;0;0;0;0;0;30;0;0;2;0;9;0
Second;T_verticillatus;CTv008;1;0;0;0;0;0;0;0;0;0;0;0;0;0;0;0;0;0;2;0;0;0;0;0;0;0;0;0;0;14;0;0;0;43;0;93;4;0;0;0
Second;T_verticillatus;CTv009;0;0;0;0;0;0;0;0;0;0;0;0;0;0;0;0;0;0;0;0;0;0;0;0;0;0;0;0;0;0;0;0;0;0;0;0;0;0;0;0
Second;T_verticillatus;CTv010;0;0;0;0;0;1;0;0;0;0;0;0;0;0;0;0;0;0;0;0;0;0;0;0;0;1;0;0;0;1;0;0;0;9;0;0;0;0;0;0
Second;T_verticillatus;CTv019;2;0;0;0;0;1;0;0;0;4;0;0;0;0;0;0;0;0;0;0;0;0;0;0;0;0;0;0;0;88;0;0;0;0;0;4;18;0;0;0
Second;T_verticillatus;CTv020;4;0;0;0;0;0;0;0;0;1;0;0;2;0;0;0;0;0;1;0;0;0;0;0;0;0;0;0;0;73;0;0;0;1;0;28;3;0;0;0
Second;T_verticillatus;CTv021;1;0;0;0;0;0;0;17;0;0;2;0;0;0;0;0;0;0;0;0;0;0;0;0;0;0;0;0;0;10;0;0;0;3;0;0;0;0;0;0
Second;T_verticillatus;CTv022;2;5;2;0;0;1;0;1;0;0;0;0;0;0;0;0;0;0;0;0;0;0;0;0;0;0;0;0;0;53;9;3;0;0;1;4;4;0;0;3
Second;T_verticillatus;CTv023;0;0;0;0;0;0;0;1;0;0;0;0;0;1;1;0;0;0;0;0;0;0;0;0;0;0;0;0;0;0;0;0;0;3;0;0;0;0;0;0
Second;T_verticillatus;CTv028;0;1;0;0;0;0;0;0;0;0;0;0;0;0;0;0;0;0;0;0;0;0;0;0;0;0;0;0;0;0;0;0;0;5;0;0;0;0;1;0
Second;T_verticillatus;CTv030;1;0;0;2;0;0;0;6;0;1;0;0;0;0;0;0;0;0;0;0;0;0;0;0;0;0;0;0;0;85;0;4;0;4;0;0;1;0;0;0
Second;T_verticillatus;CTv031;4;1;0;0;0;0;0;15;0;0;0;0;0;0;0;0;0;0;2;0;0;0;0;1;0;0;0;0;0;80;0;10;0;1;0;2;1;0;0;0
Second;T_verticillatus;CTv032;3;2;1;0;0;0;0;0;0;0;0;0;0;0;0;0;0;0;0;0;0;0;0;2;0;0;0;0;0;37;0;1;0;7;0;33;0;0;0;0
Second;T_verticillatus;CTv034;2;2;0;0;0;0;0;0;0;1;0;0;0;0;0;0;0;0;3;0;0;0;0;0;0;0;0;0;0;0;0;0;0;18;0;4;2;0;0;0
Second;T_verticillatus;CTv035;1;0;0;0;0;0;0;3;0;0;0;0;0;0;0;0;0;1;1;0;0;0;0;8;0;0;0;0;0;0;0;0;0;1;0;1;0;0;0;0
Second;T_verticillatus;CTv038;1;27;0;0;0;0;0;0;0;0;0;0;0;0;0;0;0;0;0;0;0;3;0;0;0;0;0;0;0;12;0;0;0;5;0;2;0;0;0;0
Second;T_verticillatus;CTv041;2;1;1;5;0;0;0;4;0;21;0;0;0;0;0;0;0;0;3;0;0;0;0;0;0;0;0;1;0;230;2;24;0;8;0;101;22;0;0;2
Second;T_verticillatus;CTv042;2;1;2;0;0;0;0;0;0;1;0;0;0;0;0;0;0;0;0;0;0;0;0;0;0;2;0;0;0;9;2;0;0;0;0;0;1;1;0;0
