Year_study;Mistletoe;Camera;Anairetes_parulus;butterfly;Callipepla_californica;Callopistes_maculatus;Cicadidae_sp;Colorhamphus_parvirostris;cricket;Curaeus_curaeus;Diptera;Diuca_diuca;Elaenia_albiceps;Falco_sparverius;Geositta_cunicularia;Geranoaetus_polyosoma;grasshopper;Hemiptera;Hymenoptera;Leistes_loyca;Leptasthenura_aegithaloides;Liolaemus_sp;Lizard;Lycalopex_griseus;Mimus_thenca;Molothrus_bonariensis;moth;Muscisaxicola_maclovianus;not_identified;Nothoprocta_perdicaria;Phrygilus_alaudinus;Phrygilus_atriceps;Phrygilus_gayi;Phyllotys_darwini;Porphyrospiza_alaudina;Pseudasthenes_humicola;Pteroptochos_megapodius;Pyrisitia_lisa;Pyrope_pyrope;Sephanoides_sephaniodes;Thylamys_elegans;Troglodytes_aedon;Veniliornis_lignarius;Zenaida_auriculata;Zonotrichia_capensis
First;T_aphyllus;CTa003;0;0;0;0;0;0;0;0;0;0;0;0;0;0;0;4;0;0;2;0;0;0;11;0;0;0;14;0;0;0;0;0;0;0;0;0;0;338;0;0;0;0;0
First;T_aphyllus;CTa034;0;1;0;0;0;0;0;0;0;0;0;0;0;0;0;2;0;0;16;0;0;0;31;0;0;0;4;0;0;0;0;0;0;0;0;1;0;1338;0;0;0;0;0
First;T_aphyllus;CTa035;1;5;0;0;0;0;0;0;1;0;0;0;0;0;0;0;0;0;14;1;7;0;25;0;1;0;1;0;0;0;0;0;0;0;0;8;0;995;0;0;0;0;0
First;T_aphyllus;CTa044;3;2;0;0;0;0;0;0;0;0;0;0;0;0;0;0;0;0;9;5;19;0;29;0;0;0;1;0;0;0;0;0;0;0;0;6;0;933;3;0;0;0;0
First;T_aphyllus;CTa051;0;0;0;0;0;0;0;0;0;0;0;0;0;0;0;0;0;0;3;0;0;0;25;0;0;0;1;0;0;0;0;0;0;0;0;0;0;11;0;0;0;0;0
First;T_aphyllus;CTa056;0;0;0;0;0;0;0;0;0;1;0;0;0;0;0;0;0;0;8;0;0;0;24;0;0;0;1;0;0;0;0;0;0;0;0;1;0;166;0;0;0;0;0
First;T_aphyllus;CTa066;0;0;1;0;0;0;0;0;0;0;0;0;0;0;0;2;0;0;1;0;0;0;1;0;0;0;1;0;0;0;0;0;0;1;0;5;0;312;1;0;0;0;0
First;T_aphyllus;CTa067;0;0;0;0;0;0;0;0;0;0;0;0;0;0;0;0;0;0;0;0;0;0;7;0;0;0;0;0;0;0;0;0;0;0;0;1;0;3;0;0;0;0;0
First;T_aphyllus;CTa070;0;0;0;0;0;0;0;0;0;1;0;0;0;0;0;0;0;0;4;0;3;0;23;0;0;0;3;0;0;0;0;0;0;0;0;0;0;250;0;0;0;0;0
First;T_aphyllus;CTa072;0;0;0;0;0;0;0;1;0;22;0;0;0;0;0;1;0;0;20;0;2;0;15;0;1;0;1;0;1;0;0;32;0;1;0;0;0;686;0;0;0;0;0
First;T_aphyllus;CTa074;0;0;0;0;0;0;0;0;2;5;0;0;0;0;0;0;0;0;11;3;0;0;6;0;0;0;1;0;0;0;0;0;0;0;0;0;0;275;0;0;0;0;0
First;T_aphyllus;CTa075;0;0;0;0;0;0;0;0;0;6;0;0;0;0;0;1;0;0;3;0;7;0;22;0;0;0;0;0;0;0;0;0;0;0;0;0;0;37;0;0;0;0;0
First;T_aphyllus;CTa076;0;0;0;0;0;0;0;0;0;29;0;0;0;0;0;1;0;0;39;0;7;0;12;0;0;0;1;0;0;0;1;7;0;0;0;0;0;438;5;0;0;0;0
First;T_aphyllus;CTa086;0;0;0;0;0;0;0;0;0;0;0;0;0;0;17;0;0;0;0;0;9;0;0;0;0;0;8;0;0;0;0;1;0;0;0;0;0;0;6;0;0;0;0
First;T_aphyllus;CTa088;0;0;0;0;0;0;0;0;1;2;0;0;0;0;0;0;0;0;20;0;0;0;20;0;0;0;1;0;0;0;0;32;0;0;0;0;0;144;2;0;0;0;2
First;T_aphyllus;CTa089;0;0;0;0;0;0;0;0;1;0;0;0;0;0;0;0;3;0;27;0;0;0;0;0;0;1;0;0;0;0;0;0;0;0;0;0;0;156;0;0;0;0;0
First;T_aphyllus;CTa096;0;0;0;0;0;0;0;0;0;0;0;0;0;0;0;0;0;1;0;0;0;0;0;0;0;0;0;0;0;0;0;0;0;0;0;0;0;0;0;0;0;0;0
First;T_aphyllus;CTa097;0;1;0;0;0;0;0;0;1;4;0;0;0;0;0;0;6;1;36;0;1;0;4;0;0;0;1;0;0;0;0;1;0;1;0;0;0;705;0;0;0;0;0
First;T_aphyllus;CTa102;1;4;0;0;0;0;0;0;0;2;0;0;0;0;0;1;0;0;29;0;19;0;20;0;0;0;3;0;0;0;0;0;0;3;0;20;0;455;0;0;0;0;0
First;T_aphyllus;CTa103;0;0;0;0;0;0;0;0;0;3;0;0;0;0;0;1;0;0;11;1;0;0;57;0;0;0;1;0;0;0;0;3;0;1;0;0;0;420;4;0;0;0;0
First;T_aphyllus;CTa104;0;0;0;0;0;0;0;0;0;0;0;0;0;0;0;0;0;0;0;0;0;0;1;0;0;0;0;0;0;0;0;0;0;0;0;0;0;0;0;0;0;0;0
First;T_aphyllus;CTa105;0;0;0;0;0;0;0;0;0;0;0;0;0;0;0;1;0;0;10;0;0;0;22;0;0;0;1;0;0;0;0;1;0;0;0;0;0;165;3;0;0;0;0
First;T_verticillatus;CTv001;0;0;0;0;0;0;0;0;0;0;0;0;0;0;0;0;0;0;1;0;0;4;7;0;0;0;0;0;0;0;0;27;0;0;0;0;0;171;3;0;0;0;0
First;T_verticillatus;CTv002;1;0;0;0;0;0;0;0;0;0;0;0;0;0;0;0;0;0;0;0;0;0;0;0;0;0;0;0;0;0;0;1;0;0;0;0;0;118;0;0;0;0;0
First;T_verticillatus;CTv003;0;0;0;0;0;0;0;0;0;0;0;0;0;0;0;0;0;0;0;0;0;0;1;0;0;0;1;1;0;0;0;0;0;0;0;0;0;3;0;0;0;0;0
First;T_verticillatus;CTv007;2;1;2;0;0;0;0;0;0;0;0;0;0;0;0;0;0;0;1;0;0;3;0;0;0;0;3;1;0;0;0;0;0;0;0;1;0;95;0;0;0;1;1
First;T_verticillatus;CTv008;6;0;0;0;0;0;0;0;0;0;0;0;0;0;0;0;0;0;1;0;0;0;8;0;0;0;0;0;0;0;0;1;0;1;0;0;0;125;2;0;0;0;3
First;T_verticillatus;CTv009;0;0;0;0;0;0;0;0;0;0;0;0;0;0;0;0;0;0;0;0;0;0;1;0;0;0;0;0;0;0;0;0;0;0;0;0;0;1;0;0;0;0;0
First;T_verticillatus;CTv010;0;0;0;0;0;0;0;1;0;0;0;0;0;0;0;0;0;0;0;0;0;0;0;0;0;0;0;1;0;0;0;0;0;0;0;0;0;0;0;0;0;0;0
First;T_verticillatus;CTv019;2;0;0;0;0;0;0;0;0;0;0;0;0;0;0;0;0;0;0;0;0;0;2;0;0;0;0;0;0;0;0;23;0;0;0;0;0;47;0;0;0;0;0
First;T_verticillatus;CTv020;0;0;0;0;0;0;0;0;0;0;0;0;0;0;0;0;0;0;0;0;0;0;0;0;0;0;0;0;0;0;0;2;0;0;0;0;0;21;0;0;0;0;0
First;T_verticillatus;CTv021;2;0;0;0;0;0;0;0;0;0;0;0;0;0;0;0;0;0;1;0;0;0;2;0;0;0;1;0;0;0;0;0;0;0;0;0;0;35;2;0;0;0;0
First;T_verticillatus;CTv022;3;0;2;0;0;0;0;2;0;0;0;0;0;0;0;0;0;0;2;0;0;0;5;0;0;0;0;0;0;0;0;8;0;0;0;0;0;79;0;0;0;0;0
First;T_verticillatus;CTv023;0;0;0;0;0;0;0;0;0;0;0;0;0;0;0;0;0;0;0;0;0;0;2;0;0;0;1;0;0;0;0;0;0;0;0;0;0;14;0;0;0;0;0
First;T_verticillatus;CTv028;2;0;0;0;0;0;0;0;3;0;0;0;0;0;0;0;0;0;3;0;1;0;3;0;0;0;1;0;0;0;0;0;0;0;0;1;0;26;0;0;0;0;0
First;T_verticillatus;CTv030;1;0;0;0;0;0;0;0;0;0;0;0;0;0;0;0;0;0;2;0;0;0;0;0;0;0;0;0;0;0;0;64;0;0;0;0;0;6;0;0;0;0;0
First;T_verticillatus;CTv031;10;0;0;0;0;0;0;2;0;0;0;0;0;0;0;0;1;0;8;0;8;0;2;0;1;0;13;0;0;0;0;46;0;6;0;3;0;336;0;15;0;0;1
First;T_verticillatus;CTv032;3;1;0;0;0;0;0;1;0;0;0;0;0;0;0;0;0;0;0;0;0;0;6;0;0;0;0;0;0;0;0;0;0;0;0;1;0;570;0;0;0;0;0
First;T_verticillatus;CTv034;0;0;0;0;0;0;0;0;0;0;0;0;0;0;0;0;0;0;0;0;0;0;4;0;0;0;0;0;0;0;0;0;0;0;0;0;0;206;0;0;0;0;0
First;T_verticillatus;CTv035;0;0;0;0;0;0;0;0;0;0;0;0;0;0;0;0;0;0;0;0;0;0;3;0;0;0;0;0;0;0;0;0;0;0;0;1;0;1;0;0;0;0;0
First;T_verticillatus;CTv036;0;0;0;0;0;0;0;0;0;0;0;0;0;0;0;0;0;0;0;0;0;0;1;0;0;0;0;0;0;0;0;0;0;0;0;0;0;0;0;0;0;0;0
First;T_verticillatus;CTv038;0;0;1;0;0;0;0;0;0;0;0;0;0;0;0;0;0;0;0;0;0;0;3;0;0;0;0;0;0;0;0;0;0;0;0;0;0;2;0;0;0;0;0
First;T_verticillatus;CTv041;2;0;0;0;0;0;0;0;0;0;0;0;0;0;0;0;0;0;1;0;0;0;7;0;0;0;2;0;0;0;0;2;0;0;0;0;0;373;0;0;0;0;0
First;T_verticillatus;CTv042;0;0;0;0;0;0;0;0;0;0;0;0;0;0;0;0;0;0;0;0;0;0;0;0;0;0;2;0;0;0;0;0;0;0;0;0;0;5;0;0;0;0;0
Second;T_aphyllus;CTa003;0;0;0;0;0;0;0;0;0;1;0;0;0;0;0;0;0;0;0;0;0;0;6;0;1;0;2;0;0;0;0;0;0;4;0;0;0;0;1;0;0;0;0
Second;T_aphyllus;CTa006;0;1;0;0;0;0;0;0;0;0;0;0;0;0;0;0;0;0;1;0;0;0;8;0;0;0;0;0;0;0;0;0;0;0;0;2;0;283;0;0;0;0;0
Second;T_aphyllus;CTa034;0;36;0;0;2;0;0;0;0;2;0;1;0;0;10;0;0;0;9;1;4;0;8;0;11;0;9;0;0;0;0;0;0;1;0;13;0;526;12;0;0;0;0
Second;T_aphyllus;CTa035;1;1;0;11;0;1;0;0;0;1;0;0;0;0;2;0;0;0;9;0;1;0;12;0;6;0;2;0;0;0;0;20;0;1;2;2;0;527;78;0;0;0;0
Second;T_aphyllus;CTa044;0;1;0;18;29;0;0;0;0;1;0;0;0;0;40;0;0;0;6;0;0;0;5;0;0;0;7;0;0;0;0;3;0;4;0;0;0;7;10;0;0;0;0
Second;T_aphyllus;CTa051;0;0;0;0;0;0;27;0;0;0;0;0;0;0;0;0;0;0;0;0;0;0;3;0;2;0;4;0;0;0;0;0;0;0;0;1;0;3;0;0;0;0;0
Second;T_aphyllus;CTa056;0;0;0;0;0;0;6;0;0;1;0;0;0;0;0;0;0;0;0;0;0;0;4;5;0;0;7;0;0;0;0;2;0;0;0;0;0;0;5;0;0;0;0
Second;T_aphyllus;CTa066;0;0;0;0;2;0;0;0;0;1;0;0;0;0;78;0;0;0;0;9;0;0;0;0;0;0;4;0;0;0;0;12;0;1;0;1;0;0;5;0;0;0;0
Second;T_aphyllus;CTa067;0;0;0;0;0;0;0;0;0;0;0;0;0;0;0;0;0;0;0;0;0;0;5;0;1;0;2;0;0;0;0;0;0;0;0;0;0;3;0;0;0;0;0
Second;T_aphyllus;CTa070;1;0;0;0;0;0;0;0;0;6;0;0;0;0;0;0;0;0;2;0;0;0;59;0;0;0;0;0;0;0;0;13;0;3;0;1;0;791;35;0;0;0;0
Second;T_aphyllus;CTa071;0;0;0;0;0;0;0;0;0;0;0;0;0;0;0;0;0;0;0;0;0;0;0;0;0;0;0;0;0;0;0;0;0;0;0;1;0;0;0;0;0;0;0
Second;T_aphyllus;CTa072;0;0;0;2;3;0;0;0;0;7;0;0;0;0;1;0;0;0;37;0;0;0;5;0;0;0;3;0;0;0;0;15;0;0;0;0;0;237;21;3;0;0;0
Second;T_aphyllus;CTa074;0;0;0;1;3;0;0;0;0;14;0;0;0;0;0;0;0;0;12;0;0;0;2;0;0;0;1;0;0;0;0;6;0;2;0;0;0;7;21;0;0;0;0
Second;T_aphyllus;CTa075;0;0;0;0;0;0;0;0;0;9;0;0;0;0;0;0;0;0;4;0;0;0;4;0;0;0;3;0;0;0;0;0;1;0;0;0;0;5;0;0;0;0;0
Second;T_aphyllus;CTa076;0;0;0;1;1;0;0;0;0;1;0;0;0;0;0;0;0;0;21;0;0;0;1;0;0;0;3;0;0;0;0;2;0;1;0;1;0;59;6;0;0;0;0
Second;T_aphyllus;CTa086;0;0;0;0;0;0;0;0;0;0;0;0;0;0;0;0;0;0;0;0;0;0;0;0;0;0;0;0;0;0;0;1;0;0;0;0;0;1;3;0;0;0;0
Second;T_aphyllus;CTa088;0;0;0;0;0;0;0;0;0;1;0;0;0;1;586;0;0;0;2;0;0;0;9;0;1;0;10;0;0;0;0;0;0;0;0;2;0;7;0;0;0;0;0
Second;T_aphyllus;CTa089;0;0;0;0;0;0;0;0;0;1;0;0;0;0;0;0;0;0;0;0;0;0;0;0;0;0;0;0;0;0;0;0;0;0;0;0;0;0;0;0;0;0;0
Second;T_aphyllus;CTa097;0;0;0;0;0;0;0;0;0;3;0;0;0;0;41;0;0;0;7;0;0;0;9;0;0;0;1;0;0;0;0;16;0;0;0;8;0;136;0;2;0;0;0
Second;T_aphyllus;CTa102;0;19;0;3;0;0;0;0;0;0;0;0;0;0;0;0;0;0;10;3;0;0;0;0;6;0;1;0;0;0;0;0;0;3;0;21;0;595;29;1;0;0;0
Second;T_aphyllus;CTa103;0;0;0;1;0;0;0;0;0;7;0;0;0;0;0;0;0;0;18;0;0;0;3;0;0;0;1;0;0;0;0;1;0;10;0;1;0;5;11;0;0;0;0
Second;T_aphyllus;CTa105;0;0;0;0;0;0;0;0;0;3;0;0;0;0;0;0;0;0;27;0;0;0;17;0;0;0;0;0;0;0;0;0;0;0;0;0;0;215;8;2;0;0;0
Second;T_verticillatus;CTv001;1;0;0;0;0;0;0;1;0;0;0;0;0;0;0;0;0;0;0;0;1;0;0;0;0;0;1;0;0;0;0;64;2;0;0;33;0;53;1;0;0;0;0
Second;T_verticillatus;CTv002;0;3;0;0;0;0;0;2;0;0;0;0;0;0;0;0;0;1;0;0;0;0;0;0;0;0;1;2;0;0;0;39;0;0;0;14;0;240;1;0;0;0;0
Second;T_verticillatus;CTv003;0;3;4;0;0;0;0;0;0;0;0;0;0;0;0;0;0;0;0;0;0;1;0;0;0;0;0;1;0;0;0;9;0;0;0;0;0;110;0;0;0;0;0
Second;T_verticillatus;CTv007;0;3;1;0;0;1;0;0;0;0;0;0;0;0;0;0;0;0;0;0;0;3;4;0;13;0;1;2;0;0;0;0;0;0;0;30;0;370;0;2;0;9;0
Second;T_verticillatus;CTv008;1;0;0;0;0;0;0;0;0;0;0;0;0;0;0;0;0;0;2;0;0;0;19;0;0;0;0;0;0;0;0;14;0;0;0;43;0;194;93;4;0;0;0
Second;T_verticillatus;CTv009;0;0;0;0;0;0;0;0;0;0;0;0;0;0;0;0;0;0;0;0;0;0;1;0;0;0;0;0;0;0;0;0;0;0;0;0;0;0;0;0;0;0;0
Second;T_verticillatus;CTv010;0;0;0;0;0;1;0;0;0;0;0;0;0;0;0;0;0;0;0;0;0;0;0;0;0;0;0;1;0;0;0;1;0;0;0;9;0;4;0;0;0;0;0
Second;T_verticillatus;CTv019;2;0;0;0;0;1;0;0;0;4;0;0;0;0;0;0;0;0;0;0;0;0;0;0;0;0;0;0;0;0;0;88;0;0;0;0;0;89;4;18;0;0;0
Second;T_verticillatus;CTv020;4;0;0;0;0;0;0;0;0;1;0;0;2;0;0;0;0;0;1;0;0;0;2;0;0;0;0;0;0;0;0;73;0;0;0;1;0;30;28;3;0;0;0
Second;T_verticillatus;CTv021;1;0;0;0;0;0;0;17;0;0;2;0;0;0;0;0;0;0;0;0;0;0;6;0;0;0;1;0;0;0;0;10;0;0;0;3;0;19;0;0;0;0;0
Second;T_verticillatus;CTv022;2;5;2;0;0;1;0;1;0;0;0;0;0;0;0;0;0;0;0;0;0;0;17;0;0;0;0;0;0;0;0;53;9;3;0;0;1;0;4;4;0;0;3
Second;T_verticillatus;CTv023;0;0;0;0;0;0;0;1;0;0;0;0;0;1;1;0;0;0;0;0;0;0;0;0;0;0;509;0;0;0;0;0;0;0;0;3;0;17;0;0;0;0;0
Second;T_verticillatus;CTv028;0;1;0;0;0;0;0;0;0;0;0;0;0;0;0;0;0;0;0;0;0;0;3;0;0;0;2;0;0;0;0;0;0;0;0;5;0;7;0;0;0;1;0
Second;T_verticillatus;CTv030;1;0;0;2;0;0;0;6;0;1;0;0;0;0;0;0;0;0;0;0;0;0;0;0;0;0;0;0;0;0;0;85;0;4;0;4;0;72;0;1;0;0;0
Second;T_verticillatus;CTv031;4;1;0;0;0;0;0;15;0;0;0;0;0;0;0;0;0;0;2;0;0;0;2;0;1;0;3;0;0;0;0;80;0;10;0;1;0;21;2;1;0;0;0
Second;T_verticillatus;CTv032;3;2;1;0;0;0;0;0;0;0;0;0;0;0;0;0;0;0;0;0;0;0;4;0;2;0;1;0;0;0;0;37;0;1;0;7;0;294;33;0;0;0;0
Second;T_verticillatus;CTv034;2;2;0;0;0;0;0;0;0;1;0;0;0;0;0;0;0;0;3;0;0;0;6;0;0;0;0;0;0;0;0;0;0;0;0;18;0;105;4;2;0;0;0
Second;T_verticillatus;CTv035;1;0;0;0;0;0;0;3;0;0;0;0;0;0;0;0;0;1;1;0;0;0;0;0;8;0;0;0;0;0;0;0;0;0;0;1;0;43;1;0;0;0;0
Second;T_verticillatus;CTv038;1;27;0;0;0;0;0;0;0;0;0;0;0;0;0;0;0;0;0;0;0;3;0;0;0;0;0;0;0;0;0;12;0;0;0;5;0;72;2;0;0;0;0
Second;T_verticillatus;CTv041;2;1;1;5;0;0;0;4;0;21;0;0;0;0;0;0;0;0;3;0;0;0;45;0;0;0;4;0;0;1;0;230;2;24;0;8;0;292;101;22;0;0;2
Second;T_verticillatus;CTv042;2;1;2;0;0;0;0;0;0;1;0;0;0;0;0;0;0;0;0;0;0;0;4;0;0;0;16;2;0;0;0;9;2;0;0;0;0;7;0;1;1;0;0